Price,Open,High,Low,Close,Volume
Ticker,SCG,SCG,SCG,SCG,SCG
Date,,,,,
2015-07-16,46.50036031023573,47.34741019312895,46.24711811188231,47.26881790161133,816385
2015-07-17,47.1028948427426,47.3212063742682,46.8278235122414,46.8583869934082,884286
2015-07-20,46.74486231847346,46.8147236049139,46.194719678017634,46.404296875,732045
2015-07-21,46.35190197549273,46.465421563654985,45.775556384041344,46.07246017456055,701174
2015-07-22,46.07246213964129,46.64007342933958,45.916326895680534,46.3082389831543,838960
2015-07-23,46.19471366169444,46.28203692720268,45.39132562810868,45.66203308105469,695342
2015-07-24,45.60964373696761,46.028801468294084,45.50485513692838,45.90654754638672,554369
2015-07-27,45.94148262401058,46.70985026293954,45.94148262401058,46.570220947265625,713465
2015-07-28,46.52654865624356,46.79725613200145,46.32570246371455,46.54401397705078,956991
2015-07-29,46.37809939407502,47.0330339477526,46.098660917666145,47.02429962158203,1022839
2015-07-30,46.6488054335118,47.53078586697119,46.587678472519904,47.22515106201172,740514
2015-07-31,47.57444716491304,48.46515858733962,47.57444716491304,47.853885650634766,1136808
2015-08-03,47.91501425155066,48.22065239595131,47.64431008302307,47.836421966552734,721982
2015-08-04,47.60064058249057,47.670501865250344,47.19894820012981,47.295005798339844,776231
2015-08-05,47.43909288318927,47.88008307628599,47.25134484701299,47.67923355102539,551779
2015-08-06,47.69670359251482,48.342907206685716,47.32994180992004,48.28178024291992,849116
2015-08-07,48.16825664134641,49.10262973868196,47.88008714919611,48.93671417236328,595480
2015-08-10,48.86684819479095,49.111359354167575,48.48262113172671,48.648536682128906,866895
2015-08-11,48.68347120648527,49.33840579670704,48.500090320703876,48.96290969848633,683625
2015-08-12,48.82318927151532,49.77502765286066,48.438962187100216,49.58291244506836,813545
2015-08-13,49.33839845206659,49.98460195060452,48.971636735100894,49.78375244140625,754021
2015-08-14,49.652771143162134,50.028267212722426,49.43445962975123,50.00206756591797,541439
2015-08-17,50.0282713146497,50.41249841053554,49.89728306339541,50.09812927246094,623637
2015-08-18,49.975879650930565,50.13306423350175,49.6789758095372,49.818695068359375,646373
2015-08-19,49.495596536531636,49.93221965112265,48.910519830771264,49.801231384277344,661907
2015-08-20,49.530518965048365,50.11559224253942,49.207415515431165,49.574180603027344,737055
2015-08-21,49.320944635829946,49.993344604929206,49.07643676749199,49.37334060668945,1227090
2015-08-24,49.373335082828966,49.373335082828966,46.83218907591756,47.03303527832031,1510858
2015-08-25,47.434723308634844,47.76996218225496,45.539781053435,45.58344268798828,1106878
2015-08-26,45.26034006825948,46.814716823534695,45.1206175156182,46.69246292114258,1526574
2015-08-27,46.805987304366944,47.19021770124456,46.51781783787807,47.172752380371094,751386
2015-08-28,47.23387224070576,47.32119550078298,46.413022270005825,47.085418701171875,657393
2015-08-31,46.93697386532048,46.989369826065484,45.801754698532626,46.18598175048828,932765
2015-09-01,45.58344548823642,45.880349285074786,44.71893041382874,44.94597625732422,1037198
2015-09-02,45.35639670309435,45.3785789586444,44.544277644741875,45.11188888549805,917877
2015-09-03,45.30400576418654,45.52231727551778,45.05076361156167,45.251609802246094,695281
2015-09-04,44.93724291333643,44.94597723967607,44.247377703962144,44.422027587890625,741042
2015-09-08,44.90309871765753,45.36210466179868,44.78834975705567,45.35327911376953,914963
2015-09-09,45.441550772972846,45.573957572018315,44.73538903496816,44.82365798950195,759840
2015-09-10,44.62946117385862,45.1414271202364,44.461745462795406,44.585323333740234,664856
2015-09-11,44.4087917755572,45.51217059098527,44.28521051974352,45.50334167480469,973905
2015-09-14,45.58278641999374,46.04179242473223,45.44155406216998,45.63574981689453,808798
2015-09-15,45.741674679779706,46.200680698931386,45.40624655669865,46.024139404296875,679875
2015-09-16,45.98882410544955,46.500793452290544,45.715188335529746,46.19184875488281,1038245
2015-09-17,46.08592871930002,47.22461654315225,45.94469635591685,46.642032623291016,698895
2015-09-18,46.25363706783669,46.83622089451751,46.17419366568728,46.2624626159668,1254444
2015-09-21,46.43900684035964,46.7744349338175,46.2536400126243,46.73029708862305,629626
2015-09-22,46.43900379437956,46.730294023536956,46.191848040276966,46.29777145385742,549343
2015-09-23,46.23598261319309,46.6905741049845,46.138884747520244,46.571407318115234,443378
2015-09-24,46.377214611141206,47.18047417498078,46.280116746186216,47.02158737182617,793971
2015-09-25,47.17164878716771,48.18675862020491,46.92449301588694,47.74540710449219,731974
2015-09-28,47.718925521246014,48.11613917852435,47.51590423476638,47.701271057128906,795687
2015-09-29,47.833678167841505,48.66342120896884,47.76306367318417,48.35447311401367,1845083
2015-09-30,48.49570562592502,49.72707681702019,48.38978219997721,49.66087341308594,1473869
2015-10-01,49.79327507874456,49.796807318384204,48.40743166641713,48.89291763305664,1317456
2015-10-02,49.21951724902473,49.5372908642369,48.7958202178234,49.51081085205078,1021449
2015-10-05,49.67851945004321,49.84623516052095,49.14007012802517,49.80209732055664,871252
2015-10-06,49.66086883233589,49.749141151854275,48.86643816013861,49.16655731201172,1117451
2015-10-07,49.263652978191104,49.36074747445499,48.9370504614365,49.19303512573242,996073
2015-10-08,49.03415043168795,49.899198958006245,48.912336988034205,49.81975555419922,651155
2015-10-09,49.819753503231226,49.96981475635333,49.02532286511064,49.1577262878418,970424
2015-10-12,49.27247904378287,50.24345095457903,49.104766693298316,49.79327392578125,660815
2015-10-13,49.72266258227214,49.978643898190754,49.46446898652877,49.572601318359375,746044
2015-10-14,49.67852320797068,49.88154449163519,49.396058520503125,49.51081085205078,594991
2015-10-15,49.69617362065896,50.60535991612105,49.5549412884383,50.561222076416016,807820
2015-10-16,50.77307886018251,51.24973930612205,50.56122865068331,51.09967803955078,1155644
2015-10-19,50.9231366227751,51.17029576106798,50.552402966203026,51.15264129638672,619947
2015-10-20,51.029060281745735,51.5851607325036,50.94078796375229,51.373313903808594,615866
2015-10-21,51.55868860787254,51.81467331834562,50.931970206848234,50.99375915527344,685153
2015-10-22,51.15263647872034,51.84997261535194,51.08201862664622,51.69108581542969,532632
2015-10-23,51.638120714126266,52.02650878592196,50.47295313149476,50.561222076416016,906428
2015-10-26,50.543578361431166,50.5612328276183,49.78886760996825,50.358211517333984,1159229
2015-10-27,50.2699387142119,50.464131092948385,49.78445271650337,50.066917419433594,584919
2015-10-28,50.24345326272987,50.607129162379735,49.29896131987231,50.04043197631836,1195315
2015-10-29,49.643213600603964,51.179114792598035,49.493152353544545,50.561222076416016,1861492
2015-10-30,50.72894002162141,52.51200039901751,50.72894002162141,52.2736701965332,1733296
2015-11-02,52.21188130314479,52.45903705382179,51.655777496877,52.25601577758789,1153060
2015-11-03,52.052987891700226,52.30014361099355,51.62046201569278,52.02650451660156,660354
2015-11-04,52.008864314769745,52.66206608130284,52.000038765479935,52.529659271240234,653432
2015-11-05,52.52083121691476,52.78564145716451,52.256020976665006,52.37077331542969,576142
2015-11-06,51.629303603406406,51.629303603406406,49.960991986918636,50.49061584472656,1098931
2015-11-09,50.234621325452174,50.93195741655535,49.99629114112915,50.8613395690918,871374
2015-11-10,50.96727380292403,52.67971644771959,50.9425582261418,52.635581970214844,1550979
2015-11-11,52.75032851796305,53.121065519931115,52.529652773319675,53.05927658081055,901128
2015-11-12,52.962182240851575,53.37705374592326,52.35311835728993,52.388423919677734,858241
2015-11-13,52.41490415120255,52.88273565536897,51.83232031624722,51.991207122802734,975051
2015-11-16,51.955891157295525,52.92686296161072,51.84996775635523,52.91803741455078,846156
2015-11-17,52.750335394082086,53.12107244437652,51.65578544363105,51.805843353271484,668973
2015-11-18,51.82349818376964,52.19423523667205,51.338012152303826,52.1324462890625,641865
2015-11-19,52.326633840694555,53.11223898812313,52.1147870019864,52.962181091308594,724472
2015-11-20,53.068105040097976,53.403533133184546,52.856258199276326,53.23582077026367,739116
2015-11-23,53.27112817494485,53.403534980472095,52.45021406206378,52.573795318603516,732322
2015-11-24,52.273676098359,52.75916210612349,52.17657822335711,52.59144973754883,762644
2015-11-25,52.52082919853295,52.52082919853295,51.84114747542374,52.0176887512207,1211191
2015-11-27,52.13243566766108,52.46786035284673,52.08829782786533,52.300148010253906,315980
2015-11-30,52.36194314925487,52.732589254939676,52.176576322229884,52.20305633544922,773921
2015-12-01,52.44138560218822,52.84742817797414,52.20305538581525,52.70619583129883,786319
2015-12-02,52.51200393210333,52.96218098892146,51.505719664828206,51.60281753540039,870678
2015-12-03,51.27621241773754,51.48806259872138,50.74659201614453,50.97609329223633,963891
2015-12-04,51.25857555698173,52.26485668590028,51.196786601153086,52.22072219848633,729921
2015-12-07,52.08830300712887,52.767984727183865,51.91176509936996,52.72385025024414,957600
2015-12-08,52.63031251703743,52.89756121561601,52.21162073703833,52.56795120239258,1517466
2015-12-09,52.42542461848261,53.05791747208404,52.12254181760017,52.30070877075195,1124913
2015-12-10,52.20270909760949,52.27932267726849,50.688298714218405,50.75956344604492,902148
2015-12-11,50.55467818995173,51.23170850836608,50.331970356515825,51.178260803222656,986210
2015-12-14,51.1960775215624,52.15817358897383,50.96445947319821,52.12253952026367,1410662
2015-12-15,52.09581439913234,53.03118659135731,51.95328152601474,52.89756393432617,1251932
2015-12-16,53.031185642432305,54.52778248251328,52.98664475755226,54.42979049682617,1367945
2015-12-17,54.42978278211568,55.18699131075877,54.313977177491836,54.723758697509766,741176
2015-12-18,54.47433256555354,54.616865430326676,53.405334380629256,53.75275802612305,1580519
2015-12-21,53.93983514457509,54.22490089193464,53.1826298903235,53.6458625793457,730533
2015-12-22,53.71712348328294,53.868566562275866,52.790658171360114,53.797298431396484,770691
2015-12-23,53.984374314075986,54.67922502464344,53.984374314075986,54.51887512207031,749386
2015-12-24,54.394160350835286,54.45651826991721,54.02891965410468,54.28725814819336,320056
2015-12-28,54.11800464843398,54.66141231701922,53.93983769833608,54.52778625488281,731634
2015-12-29,54.96428785433854,55.10236560826073,54.58123015160133,54.732669830322266,477361
2015-12-30,54.732675589561126,55.04446859342964,54.59014271295752,54.60795974731445,534844
2015-12-31,54.60795804998045,54.60795804998045,53.360796268026384,53.88638687133789,587455
2016-01-04,53.90420478740657,54.073464922851414,53.25389829408418,54.04673767089844,1104751
2016-01-05,54.02892052176914,54.483242996412365,53.18263009431425,54.394161224365234,882947
2016-01-06,54.04673422152343,54.71485770742277,53.9843763013663,54.34961700439453,1114244
2016-01-07,53.77057489191867,54.41197448053052,53.68148972780506,54.296165466308594,1293446
2016-01-08,54.32289129735495,54.928656842411186,53.96656082266118,54.07345962524414,1082634
2016-01-11,54.117998097725916,54.71485340031789,53.85965622126752,54.242713928222656,1016104
2016-01-12,54.41197843916032,54.54560109767487,53.47660283829957,54.002193450927734,1001620
2016-01-13,54.073461704534054,54.322893386236274,53.53896087456271,53.65476989746094,1176486
2016-01-14,53.6191378509436,54.88412013781407,53.27171416740053,54.47433853149414,1286023
2016-01-15,53.81510972773155,54.340700243061704,53.17371021119275,53.9220085144043,1317633
2016-01-19,54.278352043826025,55.00883344688812,54.16254302190103,54.839576721191406,896834
2016-01-20,54.563419229893015,54.85739520139455,52.968830325798145,53.56568908691406,997788
2016-01-21,53.61023427762488,54.023492320675544,53.04010272158302,53.52115249633789,838401
2016-01-22,53.797302021836764,54.545600454754215,53.342979551039484,54.492149353027344,814724
2016-01-25,54.47433105575428,54.536688969973504,53.69039862210357,53.93092346191406,674992
2016-01-26,53.96656511168434,54.78612832704176,53.80621519594016,54.02892303466797,647308
2016-01-27,53.99328377585044,54.37634149350856,53.449876157858625,53.913108825683594,652971
2016-01-28,53.98437192800036,55.03555306585082,53.80620839812862,54.68812942504883,1023876
2016-01-29,55.178089748219726,56.29162887825667,55.10682501098827,56.07783126831055,1686092
2016-02-01,56.11347202569799,57.592252030751794,55.89967099201154,57.164649963378906,1209069
2016-02-02,57.084470632600805,57.6546021138637,56.41990853358683,57.61005783081055,995555
2016-02-03,57.85058661427401,59.17792334406327,57.72587077638795,58.70578384399414,1637525
2016-02-04,58.71469137060155,59.0442945857017,57.948575946390925,58.07329177856445,1307378
2016-02-05,57.770407777041434,58.3761733258902,56.55888007759559,57.51206588745117,2162425
2016-02-08,58.09110269381081,58.42872576678236,57.23590554329675,57.440799713134766,1501264
2016-02-09,57.60116178029342,58.447448894541594,57.37845392954345,58.153472900390625,1196805
2016-02-10,57.98420229976231,58.385080436704484,57.25372095292665,58.06438064575195,1170322
2016-02-11,57.921847380512645,58.44744137484319,57.40517039859028,57.5031623840332,988263
2016-02-12,57.61896519998447,57.8594866456795,56.87066681823462,57.36953353881836,797040
2016-02-16,57.65460207174787,57.89512352915047,57.013202456669795,57.70804977416992,1019059
2016-02-17,57.734780312442844,57.921854089090985,57.11128941150295,57.59225082397461,1269116
2016-02-18,57.8773189466698,58.91067986864736,56.64797062490005,58.6167106628418,1293261
2016-02-19,58.61670422010326,59.0353892360509,58.02875228010685,58.242549896240234,948793
2016-02-22,58.40290058214882,58.821592400153854,58.10002118831763,58.54543685913086,689528
2016-02-23,58.43853548445545,59.06212151038565,58.1712901560601,58.80377960205078,690083
2016-02-24,58.79485224114762,59.28926377049008,58.643412586232394,59.23135757446289,822811
2016-02-25,59.40953639907955,59.596610140210586,58.99084463709458,59.489707946777344,710753
2016-02-26,59.18683979083323,59.18683979083323,57.716966636434265,57.743690490722656,735355
2016-02-29,57.73477453917769,58.53652407071497,57.46752922633424,57.92184829711914,1019277
2016-03-01,58.287096436407296,58.29600665307115,57.14603139011047,57.271549224853516,868119
2016-03-02,57.27154051388035,58.046566129660455,55.99114733158388,57.95747756958008,1207516
2016-03-03,57.95747940402379,58.22918320926182,57.2715423266131,57.97529983520508,1270129
2016-03-04,57.770407299240325,58.81267826839554,57.45861770972851,58.741416931152344,1282617
2016-03-07,58.47416486915131,58.96412479337542,58.27818089946167,58.64342498779297,946700
2016-03-08,58.953467719758294,59.726333869158196,58.51311598322764,59.45673370361328,1206820
2016-03-09,59.26800468433424,60.283518524924894,59.26800468433424,59.86113739013672,873541
2016-03-10,59.7892470642154,60.328454304040896,59.26801042794753,60.00492858886719,996961
2016-03-11,60.35541326909395,60.73285760615045,59.87012475442507,60.36439514160156,801976
2016-03-14,60.31047934124778,60.41787100213227,59.76228341107099,60.076820373535156,565071
2016-03-15,59.81620557313704,60.7508346422663,59.78924623997622,60.68792724609375,651170
2016-03-16,60.46325413912032,61.083346198102305,59.69038796184735,60.975502014160156,615442
2016-03-17,61.11030309818141,61.33497333016002,60.49919979294395,61.21814727783203,1274603
2016-03-18,61.3888889536646,61.532681186082506,60.67893023298096,61.28105163574219,2986766
2016-03-21,61.245106961923014,61.55964391722912,60.32844857058363,61.325984954833984,970750
2016-03-22,61.33498257085654,61.51471604096144,60.86767143474838,61.00246810913086,672612
2016-03-23,61.01144454973407,61.703432668671546,60.68791888360064,61.37091827392578,597304
2016-03-24,61.29004472061386,61.964055506499164,61.03841512423944,61.86520004272461,947951
2016-03-28,61.96404698922812,62.58413902105336,61.55964331584118,61.82925033569336,525171
2016-03-29,61.83822984890976,62.93462163176876,61.752854067334354,62.88070297241211,680215
2016-03-30,62.9256354976448,62.9256354976448,62.06290263041063,62.45832443237305,872973
2016-03-31,62.63806227989479,63.22220629485455,62.45832882439571,63.04247283935547,946007
2016-04-01,63.204235997146554,63.986084074375015,62.86273283110023,63.896217346191406,1184818
2016-04-04,63.8602732873515,64.04899548528655,63.06044770050623,63.716487884521484,895924
2016-04-05,63.44687866469873,63.71648571335744,62.53022704076483,62.69198989868164,944892
2016-04-06,62.58413879021996,62.86272768168604,62.314531771362184,62.844757080078125,923184
2016-04-07,62.656045941140874,63.213223822174065,62.41339821016818,62.485294342041016,1134796
2016-04-08,62.745901103735996,63.08739738255112,62.359468036691226,62.57514953613281,1364363
2016-04-11,62.59312784688754,62.97956091919792,62.107839324237894,62.1437873840332,594989
2016-04-12,62.28758105269121,62.73692157531952,62.12581819028932,62.70097351074219,476492
2016-04-13,62.71894550319767,62.71894550319767,61.97303865513098,62.60211944580078,834236
2016-04-14,62.3864319579111,62.647050264760495,62.125813651061705,62.23365783691406,439232
2016-04-15,62.33252326948519,62.889708034312044,62.20670846071668,62.7369270324707,620071
2016-04-18,62.75488992254584,62.90766403251949,62.32352006665356,62.826786041259766,534607
2016-04-19,62.853753099544804,62.907671767013916,62.38643512683884,62.799827575683594,648003
2016-04-20,62.754892624583654,62.88969613887868,61.18220095605527,61.22713088989258,764556
2016-04-21,61.10131744604779,61.10131744604779,59.447747746482754,59.663429260253906,764537
2016-04-22,59.92405294953223,60.32845668123857,59.54660855242067,59.789249420166016,732621
2016-04-25,59.771269984140645,60.22052131161864,59.57355908446945,60.11276626586914,766502
2016-04-26,60.13073560108954,60.1846542550285,59.492666199656774,59.7532844543457,1137725
2016-04-27,60.013911512844764,60.63400354966941,59.47919526154135,60.265541076660156,1030487
2016-04-28,59.57355283766517,61.05637757332075,59.33090517482468,60.939544677734375,896167
2016-04-29,60.76881544495789,61.82027063442356,60.427312255755744,61.730403900146484,1064916
2016-05-02,61.65849929599624,62.79982106287892,61.514707055801466,62.50326156616211,946615
2016-05-03,62.665031093268965,62.88970135024751,62.12581699140676,62.620094299316406,600422
2016-05-04,62.38643439004048,63.788381435208954,62.35947505662432,63.39295959472656,795233
2016-05-05,63.249160229377125,64.00405576210679,62.674004993197975,62.91665267944336,780009
2016-05-06,62.88970135024751,62.88970135024751,61.967564604891805,62.620094299316406,613516
2016-05-09,62.75488446330152,62.9525953443697,62.26959598878619,62.79083251953125,768541
2016-05-10,62.88968760986038,62.979554321738945,62.467306522001465,62.74589538574219,659764
2016-05-11,62.74591281821414,62.96159435792284,62.18872807954143,62.709964752197266,663491
2016-05-12,62.69198487154692,63.527758427699574,62.395418513081765,63.41991424560547,871177
2016-05-13,63.38396297122771,63.49180714785392,62.76387095431152,63.258148193359375,557097
2016-05-16,63.069437579403186,63.53674871760159,62.65604511119895,63.48283004760742,840415
2016-05-17,63.21323030168545,63.37499318678417,61.46080476011037,61.83824920654297,926869
2016-05-18,61.46977022813887,62.107832795552866,60.46324522884872,60.580078125,981339
2016-05-19,60.26553981947429,61.4517983501373,59.83417682090114,61.42483901977539,687158
2016-05-20,61.649519764630234,61.766352691317124,61.02044576090242,61.47877502441406,3100003
2016-05-23,61.66749160339641,61.99101730621603,60.78678122207814,60.87664794921875,676644
2016-05-24,61.038411449233266,61.85621444460404,60.3104820383499,61.77532958984375,652812
2016-05-25,61.60457827717921,61.73937492671537,61.11928976967564,61.56863021850586,620337
2016-05-26,61.48774618391941,62.462814147983174,61.35294267621296,62.377445220947266,608651
2016-05-27,62.37744117924763,62.72792616274027,62.02694933936423,62.64704132080078,685405
2016-05-31,62.656034473412014,62.88969343103664,62.31004040144361,62.826786041259766,1143621
2016-06-01,62.70996383211156,63.2042411621008,62.47693562272961,63.078426361083984,1305359
2016-06-02,62.98854402734744,63.10537693807165,62.36845883879185,62.97057342529297,783224
2016-06-03,63.35700289938432,64.37250983925806,63.35700289938432,63.94114685058594,1335171
2016-06-06,63.8692708649121,64.13887796010414,63.3749934758578,63.7973747253418,921953
2016-06-07,63.79736181652805,63.90520600406223,63.491813569769015,63.58168029785156,997760
2016-06-08,63.67681738488135,64.15701994705668,63.513729070126324,64.14796447753906,690751
2016-06-09,64.14795630524011,64.99963347372835,64.13889392430488,64.93621063232422,569818
2016-06-10,64.76405697638197,65.1083513610414,64.27479216919,64.85466003417969,570700
2016-06-13,64.97246429695949,65.20803785335387,64.61004503617715,64.7187728881836,567184
2016-06-14,64.77312748583282,65.50702832334201,64.4378954028722,65.46172332763672,828218
2016-06-15,64.60098835565657,64.99058784399634,63.98487769764418,64.3472900390625,1609284
2016-06-16,64.16607883424979,64.99058274520694,64.16607883424979,64.72782897949219,1168148
2016-06-17,64.55566039771558,64.92714190189737,64.0754579948034,64.70968627929688,1103569
2016-06-20,64.92715824242573,64.99963655563035,64.20231980980691,64.65534210205078,1211180
2016-06-21,64.65534468277203,65.28957315220006,64.26574521938855,64.80030822753906,999365
2016-06-22,64.89996975832553,64.94527475164313,64.47413461896875,64.76406860351562,676805
2016-06-23,64.92715689726832,65.00869759014849,64.15701348635226,64.64627838134766,576930
2016-06-24,64.34729909612405,66.18657585930968,64.16609289990961,65.45267486572266,2255913
2016-06-27,65.44359798128512,66.66675668694297,65.44359798128512,66.4946060180664,1300609
2016-06-28,66.46742769094894,66.99293518066406,65.69774053525954,66.99293518066406,982879
2016-06-29,67.31911373836952,67.86273909319043,66.75736362126412,67.01105499267578,809319
2016-06-30,67.04729337007059,68.56038603440514,66.99293291179325,68.55133056640625,1040074
2016-07-01,68.85033129138696,68.95905913834468,67.84462117288749,68.52415466308594,958327
2016-07-05,68.66004875595424,69.23086119547902,68.44260001891041,68.89562225341797,957626
2016-07-06,68.8593813034337,69.14025288356976,68.13454294573762,68.96810913085938,1952816
2016-07-07,68.74161186929939,68.94999827317098,67.0654236932098,67.25569915771484,967695
2016-07-08,66.95668516078365,68.09830308494506,66.4311777292174,68.02581787109375,1125939
2016-07-11,67.7087179649916,67.90351424161176,67.03823996447723,67.83556365966797,623819
2016-07-12,67.5003102488994,67.65433614347059,66.59426581602827,66.63050842285156,736608
2016-07-13,67.074472816153,67.2738037109375,66.82984384418988,67.2738037109375,708929
2016-07-14,66.93855951503843,67.36440150006533,66.65768795579532,66.748291015625,777072
2016-07-15,66.86608355978922,67.17413535652794,66.29527112895948,66.585205078125,1003427
2016-07-18,66.71206591789183,67.20133086446508,66.53566398834207,66.94763946533203,543798
2016-07-19,67.06541616421231,67.17414400135584,66.65769887192417,66.77548217773438,718597
2016-07-20,66.7573507770631,67.02010447906285,66.40399401878724,66.60332489013672,858162
2016-07-21,66.44025461862347,67.28287640409175,66.18656322731206,67.17414855957031,956281
2016-07-22,67.17416212018408,68.13456741333435,67.10167687587034,67.88993835449219,696439
2016-07-25,67.85367259577745,67.95243249777971,67.20131944453811,67.46407318115234,609415
2016-07-26,67.47314338878958,67.63623169551805,66.6848820875067,66.8570327758789,567387
2016-07-27,66.75736845212904,67.020122223697,65.87850405716046,66.32246398925781,826812
2016-07-28,65.98722519304663,67.11071848177762,65.96910043129301,66.99293518066406,679658
2016-07-29,67.04730265177955,68.04395036273755,66.82079149417218,67.89898681640625,777364
2016-08-01,67.81743307698613,68.67727399881477,67.80837069598059,68.46072387695312,1022607
2016-08-02,68.12549528742005,68.29763905986407,67.55468276871399,67.99864959716797,808674
2016-08-03,67.99863303383155,68.2251441273319,67.13788673098824,67.38252258300781,733400
2016-08-04,67.41878344634134,68.02311504156823,67.11978706292763,67.34629821777344,543666
2016-08-05,67.19227437972329,67.19227437972329,65.9691085754844,66.08689880371094,778714
2016-08-08,66.15031938106625,66.67582000504099,65.69729707285131,65.88756561279297,645011
2016-08-09,65.96910197750579,66.35870141348532,65.7063482264897,65.91474151611328,426816
2016-08-10,66.12313842846547,66.34058719852038,65.77883705392577,66.0053482055664,492544
2016-08-11,66.04159411371218,66.15937742991488,65.7335422501487,66.15032196044922,480434
2016-08-12,66.3949456033526,66.78454504859218,66.30434252802115,66.34964752197266,414139
2016-08-15,66.77547914960726,66.77547914960726,65.3439340446115,65.41641235351562,740261
2016-08-16,65.23521080468224,65.34393864454917,64.4107069056442,64.41976928710938,638931
2016-08-17,64.2748018417957,65.76976980185889,63.812717191147705,65.54325866699219,866935
2016-08-18,65.47983437405566,66.38587889343557,65.47983437405566,66.37682342529297,743440
2016-08-19,66.11406080260562,66.24996884476731,65.28955708270952,65.76070404052734,762549
2016-08-22,65.85132763277831,66.31341235519592,65.7154195482352,65.92381286621094,511481
2016-08-23,66.06877716220434,66.27717048251954,65.67917766884564,65.68824005126953,371377
2016-08-24,65.53421185834,65.57045447421632,64.88185859771056,65.48890686035156,470800
2016-08-25,65.53421514471955,65.82414917369744,65.33488420368991,65.63388061523438,436191
2016-08-26,65.76071915941264,66.01441054306926,63.85802686941624,63.93956756591797,632255
2016-08-29,64.22044627896807,64.62817054425103,64.08454510311293,64.48320007324219,595818
2016-08-30,64.47413558617444,64.82749241912396,63.386877943384626,63.55902862548828,597719
2016-08-31,63.64058041242601,64.03017992596789,63.26910566467088,64.0120620727539,939354
2016-09-01,63.984866205050814,63.984866205050814,63.341575428233476,63.43217849731445,794253
2016-09-02,63.53185128617485,64.96339653319474,63.53185128617485,64.91809844970703,968967
2016-09-06,65.14459974158676,66.09594230165241,65.05399667575729,65.99627685546875,918697
2016-09-07,65.80601305207067,66.17749463489417,65.28956793606162,65.78789520263672,883240
2016-09-08,65.5093487002835,66.05731339317845,65.18978682306312,65.74679565429688,710976
2016-09-09,65.20797066869228,65.26276505184866,63.04807279703317,63.061771392822266,929264
2016-09-12,63.13482268715681,64.64173080098222,63.13482268715681,64.47734069824219,1173640
2016-09-13,64.40429160370665,64.4408235201938,63.32662445446303,63.58234786987305,790877
2016-09-14,63.73758730877399,64.47733927085308,63.490998676248374,64.01156616210938,685370
2016-09-15,63.975051117533965,65.04814731930027,63.79239155264293,64.77873229980469,864707
2016-09-16,64.58692452747044,65.7559175015472,64.0937543100791,65.68285369873047,1213368
2016-09-19,65.95685701039315,66.55048837254054,65.69656975656522,66.53221893310547,1029679
2016-09-20,66.91577239762462,67.01623337951524,66.3312759399414,66.3312759399414,718259
2016-09-21,66.30390235286147,67.54595950938779,66.09385256524665,67.51856231689453,654865
2016-09-22,67.97520202107415,68.18525878029735,67.20348190217265,68.0665283203125,982788
2016-09-23,67.76513615914453,68.67384908871361,67.51399061191228,68.48662567138672,1016483
2016-09-26,68.52316328841937,69.04373083204521,68.19438305373465,68.68755340576172,1000958
2016-09-27,68.96153119959276,69.33597105394163,67.53681469317695,67.63727569580078,766274
2016-09-28,67.86561239746139,67.86561239746139,66.67835646486611,67.27198791503906,677811
2016-09-29,67.03452115668291,67.03452115668291,65.96598893081106,66.40435791015625,639918
2016-09-30,66.76052968481986,67.12584178194481,65.74679192497875,66.09384155273438,913786
2016-10-03,65.78333677252269,65.89293251354472,64.84266264060464,65.32669830322266,941391
2016-10-04,65.21710089452391,65.29015774444836,63.04349760910353,63.3540153503418,899993
2016-10-05,63.42707985453364,63.95678214496711,62.74212215861967,62.979576110839844,879457
2016-10-06,62.62338399857744,63.50012880786393,62.239809450967414,63.116554260253906,711527
2016-10-07,63.50926729911069,64.23075678214528,62.86084162979452,63.17135238647461,961311
2016-10-10,63.30835246326231,63.65539516609505,62.90650841006156,63.4088134765625,514676
2016-10-11,63.13483112692628,63.16223528750382,62.020639134688174,62.4133415222168,884007
2016-10-12,62.51379685763654,63.08003100634385,62.51379685763654,62.961307525634766,617854
2016-10-13,63.01610349628166,64.15769957411284,62.8699758537995,63.78325271606445,753091
2016-10-14,63.582342099708825,64.16683877495824,63.32661870750597,63.436214447021484,482897
2016-10-17,63.755850371726304,64.33121920780651,63.600594989950245,64.06636810302734,485007
2016-10-18,64.4225562759675,64.71936849479242,63.61887507600685,64.46821594238281,411066
2016-10-19,64.52300495789405,64.77872133771831,63.95677085417691,64.51387023925781,523716
2016-10-20,64.51387501064707,64.97964814706016,64.31295299228263,64.41341400146484,476978
2016-10-21,64.01156250708843,64.47733558923676,63.88370432261609,64.30381774902344,552840
2016-10-24,64.43168146513378,64.80612133244989,64.18509282551791,64.66912841796875,634141
2016-10-25,64.47733731346909,65.1759934715006,64.41340821952336,65.0983657836914,485278
2016-10-26,64.83352567575159,65.36322795406167,64.55954678430659,65.28103637695312,658368
2016-10-27,65.57328849275905,65.57328849275905,64.55041578951746,64.96138763427734,933463
2016-10-28,64.96137390683374,65.79245910904827,64.95224615594589,65.34495544433594,690288
2016-10-31,65.68287251282692,67.42723472405308,65.68287251282692,66.99799346923828,1174779
2016-11-01,66.95232819820014,66.95232819820014,65.45839384991848,65.5002212524414,799739
2016-11-02,65.36323176466186,65.36323176466186,64.41342288989684,64.93399047851562,619175
2016-11-03,64.64172703483173,65.2444930323432,64.47733694166938,64.8517837524414,635503
2016-11-04,65.35408178261902,65.97511024926025,64.80611712799407,64.8517837524414,449311
2016-11-07,65.25364605754359,66.0025330014033,64.37690087700673,65.97513580322266,612225
2016-11-08,66.1577677273423,67.14410128797549,65.9659804525595,66.90665435791016,747452
2016-11-09,64.78785326469077,65.1988250048786,63.82890991392121,63.901973724365234,921667
2016-11-10,63.63712893899029,63.874582862573035,61.472660372551445,62.952171325683594,1010987
2016-11-11,62.87910793035603,63.76498756435623,62.86997321114748,63.143959045410156,872086
2016-11-14,62.5777229525366,63.66908844428671,62.04802770671467,63.39967346191406,1038775
2016-11-15,63.673657318182556,65.14403347065958,63.673657318182556,64.4864730834961,902907
2016-11-16,64.52302207422754,64.8426676338018,63.18050375626506,63.58234786987305,451786
2016-11-17,63.28095605535987,64.0207081008651,63.28095605535987,63.819786071777344,492885
2016-11-18,63.77412751673751,64.24902843831309,63.34488625945297,63.609737396240234,676982
2016-11-21,63.86544880810021,64.34034969245904,63.751289204694324,64.27642059326172,474045
2016-11-22,64.4134101658325,65.02530393605186,64.05723277912278,64.8426513671875,463204
2016-11-23,64.02983051594465,64.74674910805489,63.76954330980545,63.810646057128906,567339
2016-11-25,64.03896800506888,64.87004622157117,64.03896800506888,64.8517837524414,254312
2016-11-28,65.03443704145232,66.38608970786308,65.03443704145232,66.20343017578125,569509
2016-11-29,65.99338278277067,66.6692056562617,65.99338278277067,66.16690063476562,683349
2016-11-30,65.19883263629897,65.57327948284167,64.40427928215303,64.41341400146484,956539
2016-12-01,64.00245133267582,64.1942386590556,63.66453634748272,64.02071380615234,1011214
2016-12-02,64.73306037516427,65.29929452841584,64.17596094134805,64.76959228515625,521246
2016-12-05,64.3768842677435,65.29929585243305,64.00244437629496,65.2901611328125,1010437
2016-12-06,65.32669356320729,65.564147500984,64.9248495097005,65.3997573852539,713637
2016-12-07,65.61894494103883,66.82447018997891,65.61894494103883,66.57788848876953,747963
2016-12-08,66.19585648034926,66.54565820986075,65.4686309962662,66.39836883544922,807705
2016-12-09,66.28791406570788,67.05195493062271,65.8368455882881,66.97831726074219,922474
2016-12-12,66.46282201210832,67.57667885776527,66.46282201210832,67.36495208740234,669596
2016-12-13,67.53064423880123,68.13819545081687,67.53064423880123,68.11058044433594,751301
2016-12-14,68.54321727518226,68.97587099780328,66.78499440820924,66.89545440673828,1051803
2016-12-15,66.56407685206983,67.3097171425447,66.27871242099695,67.1440200805664,644000
2016-12-16,67.30051449943551,68.45118667043783,67.30051449943551,68.14740753173828,1194212
2016-12-19,68.51560394636431,68.66288628904243,67.7975858458426,68.34990692138672,455277
2016-12-20,68.2670828977328,68.85622649576571,68.04614878111121,68.515625,434660
2016-12-21,68.41435746807916,69.03111600442742,68.21183806255708,68.33151245117188,350140
2016-12-22,68.27626852978071,68.65369229711868,67.99090413613582,68.58004760742188,331269
2016-12-23,68.81018911786265,68.95747851250208,68.4235649916515,68.75495910644531,219807
2016-12-27,68.67211473191438,68.78258179022518,68.09217847786046,68.515625,331134
2016-12-28,68.68131357419651,68.8285959439006,66.99672801499759,67.12560272216797,788363
2016-12-29,67.2820967998028,67.92159631464916,67.09799206994225,67.76078033447266,922774
2016-12-30,67.89886191336642,67.89886191336642,67.1716362962121,67.45700073242188,530561
2017-01-03,67.5122197021797,68.1750078535998,66.74909891468972,67.42937469482422,1157120
2017-01-04,67.65031280435223,67.94479328304578,67.22686631015071,67.45700073242188,790887
2017-01-05,67.4293747542708,67.58586445039849,66.47201487061376,66.64691925048828,1259703
2017-01-06,66.50883988426665,66.64692192533344,65.85985920745377,66.18665313720703,1278834
2017-01-09,66.32474407081556,66.34775189479119,65.01757519968714,65.29373931884766,1566578
2017-01-10,65.07281479880321,65.4410242746503,64.5296938825813,65.3765869140625,1356981
2017-01-11,65.39498790460868,65.89207902066003,65.11882383242101,65.8092269897461,772841
2017-01-12,65.8736541106228,66.42598216925482,65.60669742178878,66.26948547363281,1115144
2017-01-13,66.2142636208262,66.4628056592648,65.77240252420397,66.33393096923828,507101
2017-01-17,66.4904305886918,67.09798172205092,66.48122324667516,66.77579498291016,576011
2017-01-18,66.6193223956511,66.92309452878304,66.42601030251406,66.61011505126953,512039
2017-01-19,65.93810436616259,66.11300875387249,65.2016785156126,65.34896087646484,649303
2017-01-20,65.50545656523045,65.68035392702583,64.87028339730793,65.22008514404297,586930
2017-01-23,65.48705448547555,65.5606991904821,64.63095410342498,64.71380615234375,664956
2017-01-24,64.27193822431695,64.8610817564693,63.89452144113102,64.17988586425781,865365
2017-01-25,63.986564733846016,64.2258994314554,63.77483801488276,63.83927536010742,774053
2017-01-26,63.79325514656922,64.17987923275591,63.01079260905368,63.43424606323242,963909
2017-01-27,63.4894775133444,63.60914486946443,62.900334028663096,63.05682373046875,531724
2017-01-30,63.33298250059903,63.33298250059903,62.32959297845437,62.716217041015625,892380
2017-01-31,62.81748220780028,63.27775099571266,62.57814749474978,63.240928649902344,1308935
2017-02-01,62.79907907090884,63.24093320617784,62.22834320444612,62.85430908203125,979239
2017-02-02,62.98317323902845,63.830066042375115,62.67019386423917,63.67357635498047,736743
2017-02-03,63.87609649915672,64.33636524869563,63.599932440175884,64.16146087646484,841458
2017-02-06,64.34558252593371,64.52047990202709,63.710409306085296,63.96815872192383,500693
2017-02-07,64.07862318078519,64.17988287908386,63.738021738949264,63.885311126708984,637505
2017-02-08,64.0786268472824,64.72760758083645,64.0786268472824,64.66777038574219,525682
2017-02-09,64.53888561054448,64.90710202044322,63.6275554389816,63.65517044067383,803402
2017-02-10,63.572328194055494,63.88531464872766,63.39743081537938,63.76564025878906,902958
2017-02-13,63.66437734239907,64.52047048151847,63.51708797019972,64.46524047851562,1803082
2017-02-14,62.771462563828756,63.332991073957466,61.21575173840876,61.54714584350586,1936821
2017-02-15,60.89357496286925,62.136299549224574,59.908599828718486,62.10868453979492,1735680
2017-02-16,61.6852204887962,62.66098800162976,60.939580330233795,61.970584869384766,1527917
2017-02-17,62.0534404655616,62.1823151624732,59.954608923406425,60.433292388916016,1555081
2017-02-21,60.36886264975034,61.73125448115334,59.94541616036048,61.63920211791992,1042606
2017-02-22,61.67602081609589,62.67020313570112,61.40906406232348,62.54132843017578,1210656
2017-02-23,62.73465023669218,63.70121067832438,62.720842732036424,63.461875915527344,905208
2017-02-24,63.774833528095776,63.83006352779018,63.019993098650914,63.44343948364258,880212
2017-02-27,63.45265609995307,63.48027110383694,62.99238730683666,63.09364700317383,470916
2017-02-28,63.176487224571524,63.958949732056006,63.06602721741147,63.83927536010742,1040545
2017-03-01,62.76225781969506,63.61835812278359,62.708867871590684,63.314579010009766,1033961
2017-03-02,63.10285101102424,64.80584405093619,63.02920632246251,64.41921997070312,1019395
2017-03-03,65.10963018918707,65.30294225028062,64.44684196649786,64.89790344238281,1452049
2017-03-06,64.82424926757812,65.07739848550014,64.46524020330463,64.82424926757812,633611
2017-03-07,64.66777228775616,64.96234406565003,64.21671078916918,64.26273345947266,833064
2017-03-08,63.61498216946166,64.09789570489012,62.93703836603133,63.1320686340332,966681
2017-03-09,63.15062514813534,63.66140509742781,62.519118613241616,62.537689208984375,997497
2017-03-10,62.73271409887616,63.262064598896956,62.426246155361824,62.61198043823242,1136954
2017-03-13,62.658425326189274,63.057760460687945,62.40767621936171,62.779151916503906,1769262
2017-03-14,62.77916254151808,63.03919344793348,62.407686781505745,62.63985824584961,923377
2017-03-15,62.89059989519079,64.13503539472141,62.67699905593033,63.847145080566406,890483
2017-03-16,63.726409897249994,63.82856588243844,62.64913117537505,62.85344314575195,746318
2017-03-17,63.02991425687644,63.45710891842393,62.8256022262861,63.0391960144043,1969159
2017-03-20,63.14134242506142,63.27135786378527,62.55627295080409,62.621280670166016,714960
2017-03-21,62.797723395543485,63.65211245486298,62.39838830048845,63.401363372802734,972407
2017-03-22,63.67997908602388,63.9307211111119,62.59341850179293,62.9091682434082,1263501
2017-03-23,62.723432282268,62.9741743007497,61.65544232290767,61.95262145996094,1696889
2017-03-24,62.03621831713077,62.65843614320728,61.646164870874436,62.13837432861328,1123486
2017-03-27,62.361246761334634,62.509832790377686,61.44500285633579,61.72045135498047,1038543
2017-03-28,61.75760243102458,61.99906271013042,61.228251836456764,61.423274993896484,1241730
2017-03-29,61.26539118903749,61.27932090644546,59.621613681806586,60.977500915527344,3049678
2017-03-30,60.81033942542139,61.00536256151073,60.31348920216511,60.87534713745117,1173558
2017-03-31,60.87535474652201,60.99608134529339,60.643828068427496,60.689613342285156,1418722
2017-04-03,60.68961831542235,61.28397668706406,60.16955651156353,61.14467239379883,1513825
2017-04-04,61.15395212532743,61.77616984586148,60.91249185866136,61.404701232910156,1328261
2017-04-05,61.423266371917016,62.11978058727922,61.21895440176133,61.98976516723633,2524190
2017-04-06,61.878325979632464,61.92476309901097,61.45113140552686,61.57186508178711,837538
2017-04-07,61.61829441305411,61.776169280644915,60.661749281368,60.736045837402344,2051315
2017-04-10,60.79176571333409,60.97750710648008,60.49458656961016,60.84748458862305,658378
2017-04-11,60.76390744104596,60.86606343790803,60.457439450459745,60.64318084716797,745245
2017-04-12,60.568888066992564,61.5068626942814,60.355287218780354,61.49757385253906,1536388
2017-04-13,61.469715582957505,61.52543446385186,60.671045225356636,61.10752868652344,1075503
2017-04-17,61.29325653613537,61.61829511585598,61.181811700812744,61.57186508178711,658636
2017-04-18,61.59044603961958,61.989781243401495,61.330415132098494,61.94334411621094,800559
2017-04-19,61.831893218754665,62.054775794261076,61.61365152085759,61.8597526550293,884967
2017-04-20,61.77616752720201,61.77616752720201,61.033223243874836,61.33040237426758,1109696
2017-04-21,61.283979249551344,61.887626488734085,61.283979249551344,61.544010162353516,876373
2017-04-24,61.54399295186856,61.99905400732767,61.14465785164853,61.98976516723633,960458
2017-04-25,61.748302778875896,62.21264557300104,61.488271947815214,62.0826301574707,1070529
2017-04-26,62.03621315338167,62.65843092766623,61.97120543196851,62.18479919433594,1154607
2017-04-27,62.18479335750455,63.02990074186182,62.14857325497903,62.44482421875,1300812
2017-04-28,62.4076759429271,62.426253624622206,61.32111537897953,61.581146240234375,1414408
2017-05-01,61.683297489065914,61.98047660554294,60.39242503762113,60.773189544677734,1259326
2017-05-02,60.828912533796625,61.20967706663613,60.689608263603894,60.91249084472656,766851
2017-05-03,60.77319688236692,60.810345162075414,60.09525317697911,60.25312805175781,1051831
2017-05-04,59.99310022100144,60.657114240830495,59.88166246153548,60.290279388427734,1878351
2017-05-05,60.51316367098798,61.28396741789197,60.457437710924005,61.2375373840332,1362845
2017-05-08,61.367553093017115,61.61829511585598,60.893921399533006,61.57186508178711,1152087
2017-05-09,61.47899561309446,61.47899561309446,60.60603580058597,60.83820724487305,1064708
2017-05-10,60.82891123936003,60.9310672296402,60.411005522984354,60.46672439575195,895513
2017-05-11,60.44814635781517,60.81962203979492,60.19740434653169,60.81962203979492,1004593
2017-05-12,60.82891123936003,60.96356754365151,60.308849532704194,60.46672439575195,758842
2017-05-15,60.643177373399574,61.209676201617256,60.48529542391394,60.96821594238281,881079
2017-05-16,60.847485019299434,60.9867892938175,60.41100868426374,60.48529815673828,1149548
2017-05-17,60.522444675616256,60.856772090613376,60.23455437921133,60.411006927490234,728145
2017-05-18,60.54102322154513,60.81034292554408,59.918798415949816,60.355281829833984,1002638
2017-05-19,60.31813396477632,61.107522485665555,60.034884540121986,60.856773376464844,3317904
2017-05-22,60.652459791564624,60.99607604556466,60.429577211155966,60.754615783691406,756255
2017-05-23,60.85676995092295,61.441846449251706,60.801051078818986,61.367549896240234,819211
2017-05-24,61.38612012598203,62.955601143776356,61.33969009460853,62.593414306640625,1239665
2017-05-25,62.639850124332675,63.11348183407286,62.24516293730742,63.01132583618164,988699
2017-05-26,63.11347413994229,63.34564554588027,62.881302734004315,63.020606994628906,774259
2017-05-30,62.83488404551159,63.16920441192182,62.695579759743,62.84416580200195,1128142
2017-05-31,62.909162577238675,63.559246769268334,62.909162577238675,63.33635711669922,1067691
2017-06-01,63.3177897614971,63.72641372680664,62.80700980486018,63.72641372680664,829179
2017-06-02,64.01430725132991,64.01430725132991,63.353084886233574,63.73569869995117,707417
2017-06-05,63.70783798435471,63.71712682529701,63.090261139920145,63.28993225097656,712817
2017-06-06,63.35493832721977,63.44780547831028,62.97417379684637,63.00203323364258,1150155
2017-06-07,63.14133577247394,63.874998291008225,62.913812321334134,63.791419982910156,796010
2017-06-08,63.81251162069092,63.821884035503544,62.87547031304771,63.606361389160156,1083992
2017-06-09,63.32524501664983,63.896840711592056,63.1472049037494,63.765655517578125,845829
2017-06-12,64.50590603179448,64.9182064043831,63.98116530235896,64.7589111328125,1565946
2017-06-13,64.62773322753438,65.20869420080952,64.43095543183888,64.97443389892578,715708
2017-06-14,65.42420775939723,65.6959505298184,64.78701954059564,65.09624481201172,697989
2017-06-15,64.82450679492571,65.74281026399694,64.82450679492571,65.59288024902344,657203
2017-06-16,65.7240701288442,66.76418644753029,65.66784994374456,66.73607635498047,1575187
2017-06-19,66.67985223258381,66.67985223258381,66.00049167381133,66.29566192626953,561387
2017-06-20,66.35187981180324,66.79229028465616,66.09662990071402,66.61425018310547,623397
2017-06-21,66.60488167565445,66.661101852751,65.69126805255509,65.76154327392578,529238
2017-06-22,65.78966472487531,65.9958149419079,65.30240642475427,65.3211441040039,479711
2017-06-23,65.31175965692442,65.50854457260554,64.92757653610093,65.07749938964844,545811
2017-06-26,65.09625960141297,65.63974526573132,64.91821946850165,65.29303741455078,521672
2017-06-27,64.92757968422401,65.18995005244564,64.15920625626512,64.3653564453125,522968
2017-06-28,64.75891616475293,64.880728943821,63.70006221085014,63.728172302246094,575019
2017-06-29,63.25027649643221,63.68131455985444,63.07223639341083,63.35335159301758,865753
2017-06-30,63.41894207383185,63.63446467289193,62.603713741373625,62.7911262512207,850149
2017-07-03,63.02539260798023,63.70942867501917,62.875462585636,62.92231750488281,543576
2017-07-05,62.89419806131054,63.072231000051666,62.32260244696255,62.61308288574219,679710
2017-07-06,62.42567837656486,62.53811872906378,62.06023293283138,62.21952819824219,613422
2017-07-07,61.81660403137905,61.93841680371508,60.59844771179303,60.92641067504883,1331501
2017-07-10,60.85145128265243,61.029484230179946,59.722315042103446,59.73637008666992,1368002
2017-07-11,59.90504201018633,60.120564623885976,59.314705074917306,59.76448440551758,813412
2017-07-12,60.18615936298628,60.30797214520716,59.62393249881658,59.87693405151367,740714
2017-07-13,59.811342059847725,59.90504475089495,59.43652414660172,59.47400665283203,685385
2017-07-14,59.895670190627236,60.04091042890412,59.3147056629913,59.36155700683594,1136131
2017-07-17,59.32407834156724,60.15804084459643,59.20226198740413,60.01749038696289,972639
2017-07-18,60.14867584395697,60.39230140429496,59.78322677986468,60.25175094604492,669045
2017-07-19,60.40167381786392,60.457894001163936,59.83945053769313,60.25175094604492,1041264
2017-07-20,60.39230051430957,60.767118411918794,60.32670791840721,60.64530563354492,534728
2017-07-21,60.91704389037891,61.4980047967697,60.682783615464885,61.47926712036133,715453
2017-07-24,61.52612372947165,61.76038401083749,60.457890269311484,60.4953727722168,685223
2017-07-25,60.43915259238705,60.61719269392315,60.04559703546598,60.4953727722168,602085
2017-07-26,60.504749372771904,61.17942017364887,60.24237898333241,61.170047760009766,1188813
2017-07-27,60.91704807949016,61.563601621356476,60.664042961712994,61.507381439208984,970842
2017-07-28,61.11382749987781,61.25438510806092,57.21573629601627,57.43125534057617,2473753
2017-07-31,57.33754616042809,61.066969474581406,56.22246848889518,60.31734085083008,4787190
2017-08-01,60.72963625052513,64.0467628671731,60.4860106924003,63.30649948120117,5332336
2017-08-02,63.12846771107765,63.30640773854989,62.6037197819298,62.92231750488281,2289869
2017-08-03,63.60635824464388,63.60635824464388,60.76712436669781,61.22627258300781,2380279
2017-08-04,60.76712234769441,61.0013826552407,59.37093291645459,59.773860931396484,1758337
2017-08-07,59.783228964114755,59.90504532326289,58.949262852429165,59.29596710205078,1588855
2017-08-08,59.183521734082404,59.65204233158924,58.78996614795034,59.64267349243164,1128567
2017-08-09,59.68014439505739,59.68014439505739,58.44325046999606,58.75247573852539,1638931
2017-08-10,58.79933089309995,58.89303357626571,57.84354851179064,58.105918884277344,1095701
2017-08-11,58.10592021780347,58.10592021780347,56.26932041919022,56.86902618408203,1719131
2017-08-14,56.85028060329334,57.98410302664425,56.75657792511203,57.91851043701172,849156
2017-08-15,57.69362625141502,58.05907174656172,57.18762314681414,57.899776458740234,788873
2017-08-16,58.040327002147436,58.30373041652089,57.72173287114156,58.143402099609375,751157
2017-08-17,58.10592049382953,58.10592049382953,57.10328674316406,57.10328674316406,1111677
2017-08-18,57.15950889928773,57.449992936261815,56.64413699297029,57.000213623046875,1268476
2017-08-21,57.093914651522475,57.13046062713253,56.25057622960546,56.700355529785156,1239469
2017-08-22,56.747215776713716,56.82217721318993,56.09128622853658,56.55980682373047,1323881
2017-08-23,56.2599518916914,56.344285738753854,55.74457997054456,56.23183822631836,1300669
2017-08-24,56.17562099299771,56.55980774432879,55.60402528563301,56.400508880615234,1403745
2017-08-25,56.43799361687813,56.82686659047174,55.931990487951175,56.29743957519531,1032292
2017-08-28,56.82217711968308,57.01145912527142,56.21310249165041,56.775325775146484,1478338
2017-08-29,56.55043123031132,56.55043123031132,56.01163543575712,56.16624450683594,1253527
2017-08-30,56.194362796558586,56.3068067414689,55.735211028504594,55.98821258544922,712422
2017-08-31,56.03505904373483,56.69098855180182,55.93198394717067,56.57854461669922,1057693
2017-09-01,56.74721208723155,56.943989866532426,56.09128258170039,56.35365295410156,866262
2017-09-05,56.61602617912912,56.7753250379192,55.63213365852259,56.081912994384766,1203019
2017-09-06,56.24121480921493,56.27869731613897,55.36976618313847,56.25058364868164,2352057
2017-09-07,56.447365528706534,56.447365528706534,55.491583040748615,55.82891845703125,897728
2017-09-08,55.81234651707371,56.13424992821028,55.433635346916326,56.07744216918945,795713
2017-09-11,56.04903683477691,56.51295419899042,55.96382700703157,56.45615005493164,638913
2017-09-12,56.408815540396574,56.408815540396574,55.61352496965111,55.9164924621582,999463
2017-09-13,55.859680234396045,56.37093919147466,55.64192259230488,56.03956604003906,980809
2017-09-14,55.992230751984266,56.44668197631836,55.63245551168163,56.44668197631836,805528
2017-09-15,56.33307247535922,56.67391181105852,55.8975571515912,56.65497589111328,1480625
2017-09-18,56.333066267715886,56.475083845826724,54.922750310325576,55.60404968261719,1209063
2017-09-19,55.58512349194177,55.63246148904367,54.91291454278483,55.11173629760742,839468
2017-09-20,55.43363727860079,55.509380959934646,54.43952493686775,54.72355651855469,953453
2017-09-21,54.63834394087092,54.89397343505771,54.03373444547906,54.13655471801758,1006574
2017-09-22,54.1365568055849,54.1365568055849,52.214606059797205,52.280879974365234,1832683
2017-09-25,52.176730658907154,53.37439953400005,52.07258491121956,53.32232666015625,1839939
2017-09-26,53.256058140187825,53.265524294727854,51.504527006018016,52.61225128173828,2161599
2017-09-27,52.129391492328615,52.311642935015485,48.32808984572495,48.493778228759766,3959554
2017-09-28,48.200280186023086,48.44643991855809,46.742246875521644,48.276023864746094,4378247
2017-09-29,47.55647342074248,47.55647342074248,45.74813462311421,45.909088134765625,4065666
2017-10-02,45.88068151168867,46.61519148369758,45.672393622521405,45.99429702758789,3299379
2017-10-03,46.26886028704832,46.26886028704832,45.407295795102414,45.96589279174805,2244452
2017-10-04,45.719733521269404,45.890153190566565,45.255812507814355,45.842811584472656,2326698
2017-10-05,45.842809897552634,45.8712155824952,45.29841756407986,45.85227966308594,1894564
2017-10-06,45.54931334627836,45.83334492140113,45.2747479252748,45.786006927490234,2627031
2017-10-09,45.97536330832841,46.55289262266133,45.77653795181905,46.20258712768555,1632539
2017-10-10,46.24992278182585,46.8179895247853,46.088972885564594,46.49608612060547,1293683
2017-10-11,46.54342348080396,47.24403803744129,46.53395732712899,46.941070556640625,1340554
2017-10-12,46.90319875376303,47.21563238847273,46.67597133716368,46.96000289916992,1476158
2017-10-13,47.05467945441017,47.547002482188915,46.87479004115702,47.196693420410156,2038223
2017-10-16,47.177769151099056,47.31978314129142,46.44875244414048,46.552894592285156,1289283
2017-10-17,46.013225670356945,46.571822604902685,45.50197033616051,46.515018463134766,1700723
2017-10-18,46.50554869840209,46.68543811175258,46.230986919324074,46.515018463134766,921337
2017-10-19,46.47714914253785,46.98840811605709,45.568246708497355,46.060569763183594,2323857
2017-10-20,46.11737612671988,46.45821545879706,45.8238783998314,46.429813385009766,1656049
2017-10-23,46.40140978184056,46.55289353493303,45.473571342692026,45.77653884887695,1569513
2017-10-24,45.75760221480502,45.80494020598611,45.21793755803756,45.719730377197266,1557050
2017-10-25,45.53037851400197,45.53037851400197,43.9303311669848,45.038055419921875,2558478
2017-10-26,44.74454560640265,45.58717765001291,44.49838591176445,45.284210205078125,1995340
2017-10-27,44.95284372940879,45.15166546737491,42.94568320686594,44.02500534057617,2793393
2017-10-30,43.93032876995191,44.40371591785373,43.22024804809918,43.466407775878906,2367106
2017-10-31,43.48534670217981,43.77884805437102,40.47460394440057,40.84384536743164,4057930
2017-11-01,40.91958558729168,41.307762898099334,40.304180859877384,40.36098861694336,2373094
2017-11-02,40.33258379875081,40.45566546920838,38.95976395091823,39.77398681640625,3120910
2017-11-03,39.76452084214458,40.332583980940846,39.44261743371807,39.452083587646484,2703034
2017-11-06,39.603573789053534,41.89476604001939,39.49942803007188,41.56339645385742,3786663
2017-11-07,41.677005396531754,42.8510035138102,41.355101987924954,42.15985870361328,2824792
2017-11-08,42.08411618773906,42.47229348626079,40.78703647487239,40.92905044555664,2412712
2017-11-09,40.79650386567794,43.059293816791566,40.749165874014025,42.226131439208984,2367512
2017-11-10,42.03677620397179,42.21666200297052,41.34562785512141,41.60125732421875,2392739
2017-11-13,41.62019647793338,42.27347304253016,41.137343184309785,42.226131439208984,2035163
2017-11-14,42.04624844709603,42.207201963540406,41.70540910559737,42.1314582824707,2339290
2017-11-15,42.30187482380419,42.604842302355024,42.01784326411994,42.02730941772461,1809474
2017-11-16,42.822600793407766,44.3942459736485,42.03678000911605,42.60484313964844,5329800
2017-11-17,42.481758203292955,42.70898560502498,41.042660956742196,41.1373405456543,3149974
2017-11-20,40.995325929127674,41.0900055248783,40.209505148512534,40.39885711669922,2183224
2017-11-21,40.38939318157165,41.222555611656965,40.37992702730524,41.09000778198242,1661764
2017-11-22,41.146810989340516,41.449778482137425,40.66632331193647,41.17521667480469,1239825
2017-11-24,41.2130846335839,41.33616630537199,39.49942544082548,39.63197326660156,1335475
2017-11-27,39.75505155835287,40.39885471286275,39.319532667129046,40.35151672363281,1990801
2017-11-28,40.55981029666236,41.56641890236586,40.55981029666236,41.203617095947266,2698307
2017-11-29,40.99532421547043,42.140920188736004,40.957452378753274,41.41190719604492,2250119
2017-11-30,41.582326530793985,42.1409235258065,40.71129588726663,40.87224578857422,3216377
2017-12-01,41.03319760297801,42.32081120676786,40.94003490366084,41.90422821044922,2320098
2017-12-04,42.08411666089838,42.11251873302313,41.36456619937573,41.97050476074219,1925541
2017-12-05,41.95156940122452,42.09358337539818,40.10535884370904,41.1846809387207,2111069
2017-12-06,41.29829576034131,41.57286118614336,40.62608684474938,41.44977951049805,2469281
2017-12-07,41.25095808175208,41.99891068398346,41.19415032063637,41.98944091796875,1786884
2017-12-08,41.95157079485007,43.343326568603516,41.847425043335335,43.343326568603516,2443156
2017-12-11,43.115416263614144,43.172994366624586,40.15980620047958,40.66840362548828,3575232
2017-12-12,40.59163563121787,42.05984624422931,40.59163563121787,41.06184768676758,2982652
2017-12-13,41.02346348330933,41.153009652051445,40.38052440921314,40.812347412109375,2676913
2017-12-14,40.8219447994689,42.09822840169441,40.44769625190378,41.052249908447266,1933665
2017-12-15,41.368923815645715,43.66239867693034,41.368923815645715,42.626014709472656,8213926
2017-12-18,42.626016649475915,42.6548075347492,40.735581131931546,41.24417495727539,3256178
2017-12-19,41.33054378765886,41.71439056494256,40.121432662293266,40.20779800415039,1984770
2017-12-20,40.20779584542235,40.33254292980293,39.152219094882405,39.65121841430664,2107785
2017-12-21,39.536063752273336,39.72798712042022,35.86074351538365,35.87993621826172,5863335
2017-12-22,35.84155151364048,37.674412577061915,35.59685278358432,37.43450927734375,3379877
2017-12-26,37.58804721213216,38.67241115095281,37.41532020425886,37.51128005981445,1740774
2017-12-27,37.674412489787365,38.3365479382813,37.674412489787365,37.885528564453125,1315758
2017-12-28,38.0102752563812,38.206994037211544,37.55445684014319,38.1158332824707,1309209
2017-12-29,38.16381398783833,38.384524564809965,37.88552530619141,38.17340850830078,1137534
2018-01-02,38.31735455732808,38.36533448418514,36.53247345742863,37.30016326904297,2932313
2018-01-03,45.82152288954382,47.4044063347722,45.216965646337975,45.725563049316406,19006353
2018-01-04,45.725562664411505,46.31092354188456,44.1517942092433,44.4588737487793,9295314
2018-01-05,44.44928245001659,44.56443500727453,42.71238126680436,43.201786041259766,5796481
2018-01-08,43.22097716114136,43.75835818241775,43.05784102208699,43.68159103393555,3236620
2018-01-09,43.624017666667015,43.892711867131375,42.87552049963457,42.99067306518555,2255677
2018-01-10,42.51086236427849,43.18259231011818,41.858325120963784,42.472476959228516,2328949
2018-01-11,42.79874860741662,43.432093192993555,42.49167266656925,42.71238327026367,2080458
2018-01-12,42.664403036669604,42.86592093504496,42.21338731087248,42.27096176147461,1622130
2018-01-16,42.270959297583,42.51086258946557,40.32294573889928,40.601234436035156,3117615
2018-01-17,40.543656892861264,41.19619414872133,40.409311633237216,40.812347412109375,1885007
2018-01-18,40.764370522821615,41.21538992285412,39.83354449658739,40.75477600097656,2401581
2018-01-19,40.90831268918698,41.5992317199707,40.179004590327466,41.5992317199707,2640205
2018-01-22,41.64721108714386,41.92933611590669,41.397709624701704,41.60882568359375,2581295
2018-01-23,41.39771043466805,42.21338380321591,38.99867757535132,39.497676849365234,4123491
2018-01-24,39.62243013147104,39.82394802606285,38.72039137554491,39.0754508972168,3641390
2018-01-25,38.94110027729212,40.303749084472656,38.893116695113434,40.303749084472656,3046783
2018-01-26,40.12142643619087,41.69519138969339,39.516869137007085,41.67599868774414,2159224
2018-01-29,41.55124624049143,42.127016293305005,41.244170343244235,41.56084442138672,1920047
2018-01-30,41.41690478212773,41.771960634433974,38.729988605080514,39.094642639160156,2409446
2018-01-31,39.17141078471493,39.46889219646878,37.636031119029596,38.998680114746094,5780926
2018-02-01,38.921913630366646,39.20019868286661,37.232992308467175,37.492088317871094,4154876
2018-02-02,37.15622024820112,38.04866072032408,36.714795441963524,37.588043212890625,2659891
2018-02-05,37.549670144808516,38.2022074936645,35.927921295166016,35.927921295166016,2710401
2018-02-06,35.611242096301226,36.71479494538574,33.88393927900511,36.100643157958984,3728358
2018-02-07,36.071857146472894,37.204200915249515,34.47889952168038,35.17941665649414,2570593
2018-02-08,35.17941891587488,35.774378060527155,34.066267777186525,34.162227630615234,1621198
2018-02-09,34.75718671502385,35.25618595282782,33.625802080687215,34.833953857421875,1690581
2018-02-12,35.00668530230338,35.16982143215044,33.356149605804276,34.21980285644531,2519861
2018-02-13,34.056671863993955,34.76678353586087,33.431578407766885,34.56526565551758,1871860
2018-02-14,34.35414993147688,35.246590451063646,34.07586124028668,35.00668716430664,1452046
2018-02-15,35.12184208128056,35.76478483660002,34.622846432592546,35.70720672607422,1007266
2018-02-16,35.5536671737349,36.465300416268356,35.38093651049135,36.18701171875,1509017
2018-02-20,36.00468606080994,36.196609424181524,35.12184005355411,35.4481086730957,1163946
2018-02-21,35.371339061920615,35.879932827913365,34.81476171294985,34.82435989379883,1342546
2018-02-22,35.45770562760706,38.48048476873067,35.112244317619556,38.317352294921875,2593495
2018-02-23,38.17340968439625,38.17340968439625,37.20420201995295,37.70320129394531,1198821
2018-02-26,37.252178738012034,38.701196510187266,37.194600636519645,38.36532974243164,1106063
2018-02-27,38.365332218946016,38.84513878045455,37.91431287972526,38.317352294921875,947291
2018-02-28,38.39412063869066,38.624429406076516,37.904719541367015,38.06785202026367,1231610
2018-03-01,38.096646129808526,38.797163351497375,37.34814531790256,38.15422058105469,1785580
2018-03-02,37.88552794870895,38.35574001810394,37.424914061079406,38.04866409301758,1212334
2018-03-05,38.01027911105351,39.30575545566707,38.00068092918103,39.085044860839844,1436360
2018-03-06,39.0658561077363,39.33455031782633,38.0102829543305,39.30575942993164,1315520
2018-03-07,38.93151177841264,40.092643007482515,38.854744616975715,39.95829772949219,1479021
2018-03-08,40.14062148244047,40.25577404022754,39.38252618402186,39.53606414794922,1569386
2018-03-09,39.236528089670934,39.57259190539395,37.86305489463568,38.1163215637207,1632573
2018-03-12,38.291660639192415,38.33062159971219,37.249379698798286,38.06761932373047,1712991
2018-03-13,38.2916595328197,38.4280321803888,37.619531889977786,37.989688873291016,1023856
2018-03-14,38.038389783524075,38.87611165470852,37.92149948304214,38.3988037109375,839311
2018-03-15,38.45725575522142,39.62617006074092,38.38906942802142,39.33394241333008,1159910
2018-03-16,39.20730726576041,39.514145724037974,38.69590611942184,39.16834259033203,3975369
2018-03-19,39.23652838803729,39.382644060995595,37.27859992247637,38.1065788269043,1678125
2018-03-20,38.330616217474244,38.38906322386109,37.40522943620687,37.677974700927734,795489
2018-03-21,37.74616241640185,37.881754719925205,36.421393282860286,36.45061492919922,1227626
2018-03-22,36.567513247375615,37.89228253673649,36.30450725176343,36.762332916259766,1691229
2018-03-23,37.04481491455336,37.405232577055884,36.13890667680527,36.294761657714844,1192904
2018-03-26,36.44087872771598,36.48471491683961,35.80703574796349,36.041500091552734,851334
2018-03-27,36.051239078152925,37.25911800263555,35.924609457104076,36.265541076660156,1312578
2018-03-28,35.924609873047835,36.42139648384946,35.145334936557035,36.362953186035156,1794561
2018-03-29,35.46678048757522,36.77206726220645,34.443982008887644,36.577247619628906,4279662
2018-04-02,36.76232639206901,37.541601213432,36.2363144941957,37.0545539855957,2729200
2018-04-03,37.239633047336774,37.648754677922284,36.18761289817176,37.30781936645508,2268316
2018-04-04,37.13248407836129,37.22015273855699,35.81745789130166,36.92792510986328,1529770
2018-04-05,36.8499992319438,37.97020575382117,36.08046363264811,37.68771743774414,1511640
2018-04-06,37.71694301347269,37.74616466154973,36.294762114417,36.499324798583984,1549721
2018-04-09,36.67465952083306,36.74284583876656,36.0609789435559,36.1389045715332,670292
2018-04-10,36.24605645559642,36.25579948175621,35.19559325068768,35.3596305847168,1016056
2018-04-11,35.35963578339646,35.88564779708966,35.2719671144476,35.42782211303711,923213
2018-04-12,35.56419586644091,35.66160756597887,34.75569919759601,34.970001220703125,1196732
2018-04-13,35.16481718802626,35.42782320296416,34.82388552933438,34.970001220703125,1112452
2018-04-16,35.174558508541644,36.20709646238977,35.13559383061781,35.66160583496094,1451434
2018-04-17,35.69082571393676,36.499326019283124,35.16481373570246,35.281707763671875,1676646
2018-04-18,35.31092948725178,37.32730502552959,35.31092948725178,36.24605941772461,2293813
2018-04-19,35.06740608971502,35.427820056302906,34.53165479540847,35.05766677856445,2302102
2018-04-20,35.096626247727635,35.846679514236186,34.82388095658849,34.98947525024414,926857
2018-04-23,35.067404767503255,36.26554065115451,35.022595019797656,35.525230407714844,2086467
2018-04-24,35.64212229703936,35.80771659883094,34.73621400310308,34.833621978759766,1404599
2018-04-25,34.87258235382266,36.21683380415211,34.794656726084696,35.603153228759766,1498716
2018-04-26,35.603154936100935,35.86616090959576,34.297868094983556,35.44729995727539,1588521
2018-04-27,35.2622225623282,36.64543500476302,35.15507156999507,36.54802703857422,1365097
2018-04-30,36.37269273456299,36.56751239892689,35.62263944208142,35.81745910644531,1121312
2018-05-01,35.81745743919881,36.65761325454188,35.720045753613206,36.401912689208984,1930551
2018-05-02,36.15839073217511,36.401914383660966,35.633356028551226,35.81745910644531,1127917
2018-05-03,35.68108886120968,35.96357349190815,34.72647652894533,35.213523864746094,863452
2018-05-04,35.34989202557585,36.09020224679501,35.223258693937744,35.55445098876953,624253
2018-05-07,35.388859114781674,35.661604417656335,34.89206878068733,35.48626708984375,1486953
2018-05-08,35.2232602720966,35.48626625764767,33.87900869568315,34.32709503173828,2326883
2018-05-09,34.51217163418081,34.531653971893384,33.08999442404665,34.21994400024414,1595468
2018-05-10,34.492685858237635,34.9797331048752,34.18194947706683,34.745948791503906,1130440
2018-05-11,34.804401394661916,35.22326239138468,34.29095648521066,34.37580108642578,617133
2018-05-14,34.336833169001466,34.47320581257935,33.75237792056029,34.03486251831055,1235967
2018-05-15,33.76211861428549,33.90823429031962,33.31403599106562,33.78160095214844,1196686
2018-05-16,33.86926785439728,34.005640496474605,33.2555872491735,33.508853912353516,626766
2018-05-17,33.55755955112829,33.55755955112829,32.87569259124577,33.13869857788086,1344173
2018-05-18,33.11921729347227,33.518595941611444,33.11921729347227,33.43092727661133,876600
2018-05-21,33.5770433295925,33.92771799348529,33.26533334299361,33.742637634277344,1112657
2018-05-22,33.89849307299419,34.969999417398824,33.89849307299419,34.37580108642578,1501904
2018-05-23,34.35632006549391,34.473210387519494,32.739323033280726,34.122535705566406,1633295
2018-05-24,34.103049685005196,34.60957931361225,33.849786728639636,34.5511360168457,880262
2018-05-25,34.551135729644706,35.067404664796136,34.551135729644706,34.882328033447266,513404
2018-05-29,34.09331205637018,34.950516371375656,33.3140370953998,34.716732025146484,1292960
2018-05-30,34.638801987574624,35.32066516939889,34.27838434475248,34.95051193237305,1799906
2018-05-31,34.969995003466565,35.68108356222707,34.61932037922835,35.3596305847168,1438502
2018-06-01,35.29144652764236,35.330411203028135,34.41476362671823,34.434242248535156,1652194
2018-06-04,34.43423869205688,34.69724464993281,33.956934473444534,34.10304641723633,737979
2018-06-05,34.62906077684716,36.19725699623096,34.210199819841236,35.759010314941406,2803396
2018-06-06,35.73952667588495,35.73952667588495,34.40014670808173,34.60957717895508,1273621
2018-06-07,34.67776566966904,35.51548760561865,34.40336309482946,34.979736328125,1286084
2018-06-08,35.67591473059797,36.11195232748824,35.39843660351833,35.82456588745117,1177018
2018-06-11,35.83447470194267,36.69664159483255,35.685823543008965,36.538082122802734,861240
2018-06-12,36.38943086897955,37.261505982095024,36.37951877658301,36.934478759765625,1079164
2018-06-13,36.95430169935603,37.033579542188996,36.0029449032253,36.10204315185547,1227679
2018-06-14,36.240779061900355,36.81060339288229,35.7502363472158,36.56781005859375,1722397
2018-06-15,36.54799183165621,37.05339893441437,36.40925277522675,36.97412109375,2586311
2018-06-18,36.9146584140943,37.1723161114805,36.50834957336816,36.58762741088867,1458714
2018-06-19,36.597538621850575,37.25159683215324,36.597538621850575,37.21195602416992,951273
2018-06-20,37.162407703871686,37.2515976335752,36.67681724651797,37.03357696533203,755741
2018-06-21,36.894837327787805,37.20204792084697,36.08717570746773,36.2209587097168,1464709
2018-06-22,36.250693365309694,36.7561004687896,36.04267928926247,36.67681884765625,2621830
2018-06-25,36.69663671493206,38.18808903123857,36.69663671493206,38.05430603027344,2122716
2018-06-26,37.90565563309892,38.70261507483342,37.776824895323465,38.12367630004883,1585547
2018-06-27,37.94529761482532,39.64981085345398,36.29231440468661,36.45880126953125,6000506
2018-06-28,35.39347631440955,38.75791332339445,35.38852026834691,38.153404235839844,4260734
2018-06-29,38.975938659941036,39.045308191714845,37.588540463752935,38.1732292175293,2089328
2018-07-02,38.09394448748363,38.53989414136395,37.42006585058796,38.4407958984375,1154435
2018-07-03,38.292145126406176,40.368286225017414,38.10385695087098,39.99666213989258,1131059
2018-07-05,39.570532844870485,40.393058853296075,39.1150718122289,40.194862365722656,1411903
2018-07-06,40.17504270230179,40.442612501890565,39.80837087674175,40.26423263549805,937709
2018-07-09,40.23808696847879,40.54623574219151,39.16454312956071,39.254005432128906,1750764
2018-07-10,38.94585535159176,39.76095461790684,38.82925442285597,39.38322448730469,848006
2018-07-11,39.15460078939765,39.55221186590491,39.015438050190184,39.16454315185547,892756
2018-07-12,39.16454200043106,39.214242435558226,38.3693198707958,38.607887268066406,1914241
2018-07-13,38.48860794362378,38.87130548983464,38.01147691026072,38.826576232910156,1403988
2018-07-16,38.99555482574474,38.99555482574474,37.71326316085323,37.87230682373047,1179942
2018-07-17,37.87230910692829,39.00549953913251,37.75302730055426,38.8663330078125,1121657
2018-07-18,38.75699365452677,38.975676334740406,38.2301584073342,38.59794998168945,580063
2018-07-19,38.73711359960654,39.98958207760636,38.4587843219063,39.95976257324219,907513
2018-07-20,39.75101720324916,40.22814821750621,39.36334469925884,39.8802375793457,869883
2018-07-23,39.94982017889808,40.084015532231334,39.53233195052872,40.01940155029297,691462
2018-07-24,39.790775190578174,40.347429935283344,39.114838640543404,40.23808670043945,1664299
2018-07-25,40.05916344905633,40.05916344905633,39.28382600038503,39.95976257324219,2274987
2018-07-26,40.14862447881335,40.14862447881335,39.462749356920284,39.93988037109375,1149799
2018-07-27,39.939880184659295,40.76491804118091,39.86035645338481,40.68539810180664,2021072
2018-07-30,40.81462369869572,40.81462369869572,39.43292725865968,40.108863830566406,1841333
2018-07-31,40.18838383046158,40.83450083801112,39.591971048031226,39.751014709472656,6412831
2018-08-01,39.75101968691495,40.208269796826336,38.995559356547865,40.039283752441406,1784840
2018-08-02,39.7609567120447,42.15655420226938,39.751018141302836,41.09294891357422,2653112
2018-08-03,41.073067761191716,41.977629369891666,40.6158176714973,41.8682861328125,774314
2018-08-06,41.67942294648321,42.68338542947952,41.67942294648321,41.92792892456055,926320
2018-08-07,39.234125611237374,40.317611843319625,39.10490143899811,39.78083801269531,1925912
2018-08-08,39.83053488006521,39.91005860720675,38.478661853859144,38.49854278564453,952822
2018-08-09,38.677471342728694,38.836515021407465,37.96177289272403,38.05123519897461,1349024
2018-08-10,38.03135307382349,38.309682346718,37.6536267187314,37.792789459228516,546459
2018-08-13,37.65362955995483,37.822611817052106,36.709306017168394,36.908111572265625,1549539
2018-08-14,36.86834840932846,37.328086002366994,36.699362366259535,36.977691650390625,1022537
2018-08-15,36.98762639636323,37.186431923925824,36.74906279680816,36.9478645324707,1344737
2018-08-16,36.83852879855573,37.42500307828755,36.62978088808137,37.335540771484375,856793
2018-08-17,37.33553924334353,38.44894354481117,37.33553924334353,38.269920349121094,728999
2018-08-20,38.24009949236184,38.806692794910624,37.922012157313404,38.66753005981445,686876
2018-08-21,38.48860823865368,38.59795147895219,37.7828483581543,37.7828483581543,985459
2018-08-22,37.862372189367775,38.20531166355312,37.226197471731524,37.484642028808594,610626
2018-08-23,37.54428487353738,37.80272943091037,37.21625515143661,37.365360260009766,515646
2018-08-24,37.4448785771335,38.7569936166338,37.36535863674272,38.71723175048828,997910
2018-08-27,38.717231631093085,39.263944017257124,38.46872565630032,39.13471984863281,607932
2018-08-28,38.89615766576712,39.29376496490785,38.47866564098391,38.588008880615234,658458
2018-08-29,38.78681314298973,38.79675171358179,38.329563057749475,38.627769470214844,539206
2018-08-30,38.6078898658541,38.98562002365695,38.25004064181985,38.40908432006836,625678
2018-08-31,38.40908441418175,38.76693363909283,37.83255250108089,38.110877990722656,1389922
2018-09-04,38.07111512223707,38.259982092586355,37.067152638207844,37.13673400878906,821800
2018-09-05,37.26595807805386,37.743089100129495,37.26595807805386,37.464759826660156,1526351
2018-09-06,37.415062289000545,37.723211090260854,36.450857807557455,36.46080017089844,1049622
2018-09-07,36.1752471716026,36.91331183359492,36.115402548441764,36.5043830871582,1030334
2018-09-10,36.49441128567309,36.92328824453094,35.54689233459805,35.576812744140625,1171265
2018-09-11,35.59675794798148,35.94983320876716,35.14793662379348,35.49702072143555,1214458
2018-09-12,35.53691782629954,35.90595013738679,35.232714333257064,35.61670684814453,654814
2018-09-13,35.55686789104588,35.855086557206064,35.21785489285919,35.38731002807617,894071
2018-09-14,35.237704758049304,35.51697206079835,35.09806730194314,35.37733840942383,1172604
2018-09-17,35.48705024539847,36.035612627524685,35.37733700802693,35.79623794555664,1162451
2018-09-18,35.656606032200045,35.98574576030694,35.56684099769195,35.766319274902344,1340844
2018-09-19,35.85608199596847,35.92589881777776,34.74898124337626,34.81879806518555,1063765
2018-09-20,34.96840655541994,35.04819557567208,34.60934645245706,34.8387451171875,900073
2018-09-21,34.659215295119246,34.901180988960355,34.23033836982271,34.76892852783203,1988742
2018-09-24,34.818798647787915,35.187830969916305,34.70908541032857,34.8088264465332,1098941
2018-09-25,34.599371023316365,35.87602961119859,34.45973738200066,35.15790939331055,1691615
2018-09-26,35.307519391244135,37.82093256937332,35.207778357361924,36.534305572509766,2892466
2018-09-27,36.8734170195126,37.72119487094164,36.424591884454905,37.33221435546875,2137117
2018-09-28,37.76109084905646,38.89811197495189,37.46187536404155,38.78839874267578,2285518
2018-10-01,38.64876686408114,38.72855969291036,37.27237100462904,37.44192886352539,1346526
2018-10-02,37.58156100939774,38.48918347508448,37.38208275001719,38.060306549072266,2105503
2018-10-03,38.06030608932292,38.57894803555489,37.791011013121825,38.1999397277832,1226698
2018-10-04,37.93064477630078,38.77842642003208,37.80098714286493,38.65873718261719,1054521
2018-10-05,38.967929259082304,39.30704116073602,38.618845156526135,38.648765563964844,703491
2018-10-08,38.40939191242652,39.63618191630056,38.39941971125869,39.157432556152344,1450208
2018-10-09,39.835656950413316,40.23481133406966,39.31133070451399,39.80573654174805,1268095
2018-10-10,39.66610059470849,40.53382663826435,39.49654274439798,39.84563064575195,1461233
2018-10-11,39.90547424464674,39.90547424464674,39.06766854954991,39.66610336303711,1171047
2018-10-12,39.616232541229564,39.95534444190984,38.8681919195582,39.1773796081543,1679037
2018-10-15,39.16740692980223,39.16740692980223,38.259784472094786,38.65873718261719,1716807
2018-10-16,38.38944795129011,39.69602318898584,38.28970691480816,39.67607498168945,1035597
2018-10-17,39.6461525096481,40.035133019853674,39.54641528308868,39.97529220581055,639471
2018-10-18,39.9553450302608,40.36427375727346,39.775814974037544,40.15481948852539,770295
2018-10-19,40.1249007895107,40.9527342845426,39.90547431039735,40.78317642211914,778780
2018-10-22,40.803124979726945,40.86296960310705,34.709086371556346,36.304908752441406,5187263
2018-10-23,36.20516743095435,38.25978716085924,36.10552912051829,37.36213684082031,2878564
2018-10-24,37.54166528351282,38.444299762930335,36.90832588847691,37.19258117675781,1668662
2018-10-25,36.96318169831848,38.19994005356972,35.59675809948929,37.272369384765625,1579473
2018-10-26,38.81831970691806,39.07764258778934,35.28757084549516,36.47446060180664,3095880
2018-10-29,36.634044402544745,37.45688989555662,36.37472531258174,37.03300094604492,929097
2018-10-30,37.29231998758584,41.73069535815306,37.25242357234131,40.78317642211914,4223848
2018-10-31,40.30442983916124,40.922809040964296,39.91544931214429,39.945369720458984,1411112
2018-11-01,39.895501105024,40.70338637210407,38.648766695492,39.945369720458984,1460788
2018-11-02,39.87555139457113,40.23132040713532,38.82829529099274,39.90547180175781,1177920
2018-11-05,40.07503303586082,40.51388219880681,39.516494624603666,39.715972900390625,908229
2018-11-06,39.75586745991345,40.06505515844925,39.57633740056232,39.945369720458984,524365
2018-11-07,39.93539717336227,40.60364498481225,39.566361051930556,40.54380416870117,673029
2018-11-08,40.53382757727813,40.53382757727813,39.64615330696106,39.89550018310547,837769
2018-11-09,39.705998959551415,40.882916549939,39.58630971648281,40.07503128051758,635009
2018-11-12,40.0550837519012,40.935277958114305,39.875553688988404,40.52385711669922,828167
2018-11-13,40.39419326237441,41.30271364082088,40.2445836172879,41.09236526489258,718220
2018-11-14,40.912837047957446,41.890276373436514,40.63625970148137,41.19210433959961,1654569
2018-11-15,40.85299296386011,42.189492427454994,40.2864760464473,42.1695442199707,1134710
2018-11-16,42.329124910098336,43.49607028505652,42.329124910098336,42.8477668762207,1393641
2018-11-19,42.79789689357158,43.725467560396076,42.79789689357158,43.59580612182617,757761
2018-11-20,43.6357026689508,44.45356010602463,42.398940507794755,44.38374328613281,2357399
2018-11-21,43.51601791381836,44.00473566067879,42.269283532415265,43.51601791381836,2164019
2018-11-23,43.58583657225992,44.30395301900462,43.36062690241409,43.94489669799805,431291
2018-11-26,45.17168305633602,46.687712589027996,45.0819180246394,46.508182525634766,2244425
2018-11-27,46.438363970831546,46.86724090576172,45.85987738707219,46.86724090576172,1688041
2018-11-28,46.82734496495225,46.82734496495225,45.32128767459978,45.41105270385742,1436853
2018-11-29,45.41105350035054,46.01946050879784,44.094502251300966,45.989540100097656,1694414
2018-11-30,45.85987738318862,46.687710845105585,45.85987738318862,46.53810119628906,1509370
2018-12-03,46.23888706283396,47.44572507569997,46.18901844667276,47.10661315917969,2000182
2018-12-04,47.05674430939618,48.80207357647399,46.7276045958496,47.176429748535156,2974082
2018-12-06,47.026824818342234,47.355960733579124,45.620508515642975,47.22629928588867,1448147
2018-12-07,47.189998626708984,47.97999954223633,46.630001068115234,46.86000061035156,1659314
2018-12-10,46.84000015258789,47.79999923706055,46.31999969482422,47.189998626708984,2869238
2018-12-11,47.310001373291016,47.54999923706055,46.439998626708984,46.939998626708984,1462219
2018-12-12,47.189998626708984,48.310001373291016,47.02000045776367,48.0,2360376
2018-12-13,48.16999816894531,48.630001068115234,47.81999969482422,47.959999084472656,1816938
2018-12-14,47.84000015258789,51.27000045776367,47.390098571777344,50.97999954223633,6555112
2018-12-17,50.88999938964844,51.15999984741211,48.77000045776367,48.93000030517578,3170989
2018-12-18,49.20000076293945,49.84000015258789,48.650001525878906,48.75,2084599
2018-12-19,48.90999984741211,49.459999084472656,48.68000030517578,49.11000061035156,2035433
2018-12-20,49.040000915527344,50.16999816894531,48.84000015258789,49.599998474121094,2432362
2018-12-21,49.779998779296875,50.88999938964844,49.5099983215332,49.810001373291016,6149539
2018-12-24,49.86000061035156,50.04999923706055,46.91999816894531,47.150001525878906,1118334
2018-12-26,47.150001525878906,47.90999984741211,46.540000915527344,47.90999984741211,1561577
2018-12-27,47.68000030517578,48.810001373291016,47.50680160522461,48.779998779296875,2606989
2018-12-28,48.88999938964844,49.400001525878906,48.619998931884766,48.88999938964844,3549910
2018-12-31,48.84000015258789,49.255001068115234,47.380001068115234,47.779998779296875,17831547
